Post Caption/Heading,Post Content,Hashtags,Image URLs,Image Paths
Want to create a standout health & fitness app?,"üöÄ Focus on features like personalization, gamification, and progress tracking to deliver an engaging experience.Get inspired with these tips and design a solution users will keep coming back to! üí™.","#appdevelopmenthashtag, #digitalhealthhashtag, #innovationhashtag, #mobileapphashtag, #fitnessapphashtag, #itobuztechnologies, #healthtechhashtag, #businessgrowthhashtag, #entrepreneurshiphashtag","https://media.licdn.com/dms/image/v2/D4D22AQEez46bVHgxdg/feedshare-shrink_800/B4DZS7exkHH0Ak-/0/1738312196716?e=1741219200&v=beta&t=DbYF1mwgvKh_Q19c5qWKA7HgOlcrKQuIBm2-dHB7VmY, https://media.licdn.com/dms/image/v2/D4D22AQHuGvsil3wmeQ/feedshare-shrink_800/B4DZS7exjXG4Ag-/0/1738312196468?e=1741219200&v=beta&t=ZoN9bdj-KaOvGqOjTp-WqIdDcuTxdkH-WcfAqjiJrz0, https://media.licdn.com/dms/image/v2/D4D22AQGdV8Au5xz7bg/feedshare-shrink_800/B4DZS7exkEHIAg-/0/1738312196977?e=1741219200&v=beta&t=cksMMa3HMa0kcdkdn8gf46B434ffvg6ni-kw6uSVFqQ, https://media.licdn.com/dms/image/v2/D4D22AQHybm9_uP1xxw/feedshare-shrink_800/B4DZS7exkkH0Ak-/0/1738312196922?e=1741219200&v=beta&t=8LE6PuKtJDS7QuSawQO_TT7mD0kP11Rn6oRKKA2nV_c","./data/linkedin_data/linkedin_images/1_1738312196716.png, ./data/linkedin_data/linkedin_images/1_1738312196468.png, ./data/linkedin_data/linkedin_images/1_1738312196977.png, ./data/linkedin_data/linkedin_images/1_1738312196922.png"
"üáÆüá≥ This Republic Day, ITobuz Technologies salutes the innovative spirit of India.","Just as our nation builds its strength on unity and diversity, we craft solutions that empower businesses across industries. üáÆüá≥Wishing everyone a Happy Republic Day 2025! üáÆüá≥.","#26thJanuary2025hashtag, #strengthhashtag, #itobuztechnologieshashtag, #indiarepublicday, #republicday2025hashtag, #republicindiahashtag, #freedomhashtag",https://media.licdn.com/dms/image/v2/D5622AQFyp2oT41qqPw/feedshare-shrink_800/B56ZSOW9w0GoAg-/0/1737555174045?e=1741219200&v=beta&t=D89koOADkVkKxAY0VJ2mrRi4YLfZ38gdZnRSDG3pNFo,./data/linkedin_data/linkedin_images/3_1737555174045.png
üöõ Struggling with delays and inefficiencies in logistics?,"üí° ITobuz Technologies delivers smarter automation to optimize routes, track inventory in real-time, and streamline communication.üìà Save costs, boost efficiency, and enhance customer satisfaction.üëâ Ready to transform your logistics? Contact us today!.","#logisticstechnology, #transportationhashtag, #logisticssoftwarehashtag, #logisticsplatformhashtag, #realtimetrackinghashtag, #logisticssolutionshashtag, #supplychainhashtag, #supplychainmanagementhashtag, #logisticshashtag, #itobuztechnoloieshashtag, #softwaredevelopmenthashtag","https://media.licdn.com/dms/image/v2/D5622AQG8DWARjVkbUQ/feedshare-shrink_800/B56ZSTHjx6HQAg-/0/1737635023102?e=1741219200&v=beta&t=0k2M5JIez0CF5mkT-aUwALddIYDp201GCJSLKPEvOt0, https://media.licdn.com/dms/image/v2/D5622AQEHwRQHbamFWQ/feedshare-shrink_800/B56ZSTHjxlHwAs-/0/1737635023231?e=1741219200&v=beta&t=HL9vpCAq2uyMAnSIqr07UxLRjdBbILPs645Aq0ok9Ms, https://media.licdn.com/dms/image/v2/D5622AQGuZcnFjpHW-g/feedshare-shrink_800/B56ZSTHjxyHsAs-/0/1737635022735?e=1741219200&v=beta&t=aWbwdL45MIsEjZcl3U3PRVWFGVbvqip9RqMJXQU2cmY, https://media.licdn.com/dms/image/v2/D5622AQFLAeB8-mLhRA/feedshare-shrink_800/B56ZSTHjxzGoAs-/0/1737635022675?e=1741219200&v=beta&t=VSlwP0DB9qY_-qKXusOK8zh3lHrRa1jMZLkchhmNGqU","./data/linkedin_data/linkedin_images/5_1737635023102.png, ./data/linkedin_data/linkedin_images/5_1737635023231.png, ./data/linkedin_data/linkedin_images/5_1737635022735.png, ./data/linkedin_data/linkedin_images/5_1737635022675.png"
Get ready for an exciting year in iOS app development!,"From AI-powered coding tools to the latest in AR, VR, and IoT integration‚Äî2025 is bringing endless possibilities.Stay ahead of the curve with smarter apps, faster coding, and immersive experiences. üåü","#appdevelopmenthashtag, #itobuzhashtag, #iosappdevelopmenthashtag, #technology, #mobileapphashtag, #apptrendshashtag, #webdevelopmenthashtag, #iosapphashtag",,
Looking to transform your business operations?,"üöÄEnterprise mobile apps offer features like robust security, user role management, seamless system integration, real-time analytics, and offline capabilities to keep your team productive anywhere.üíº Discover how custom solutions can empower your enterprise today!.","#businesssolutionshashtag, #appdevelopmenthashtag, #digitaltransformationhashtag, #enterprisetechnologyhashtag, #itobuztechnologies, #customappshashtag, #productivityhashtag, #mobileappshashtag, #enterpriseappshashtag","https://media.licdn.com/dms/image/v2/D5622AQGIcA2Lxt7AEw/feedshare-shrink_800/feedshare-shrink_800/0/1732882869496?e=1741219200&v=beta&t=C8WzAXF5VvaVfKlCyZQDcYo6pLFyuRpcATKvTfMnt1U, https://media.licdn.com/dms/image/v2/D5622AQHsC1NieovnSA/feedshare-shrink_800/feedshare-shrink_800/0/1732882869324?e=1741219200&v=beta&t=O2z5wxQfLqU6Z82z6o0DdZQrezHg1_2HgLlrx1wVD08, https://media.licdn.com/dms/image/v2/D5622AQHNLaeGqtYuqg/feedshare-shrink_800/feedshare-shrink_800/0/1732882869469?e=1741219200&v=beta&t=eZ82wA3CE2tKJAh6OGRsZvcBdzq1t8TBZP1SUdd24uI, https://media.licdn.com/dms/image/v2/D5622AQG8FMg9Oc5JWw/feedshare-shrink_800/feedshare-shrink_800/0/1732882868948?e=1741219200&v=beta&t=YhPH5wxhmWWM0xyjblovLqwuIiBpuMF0QiMrx_uDBoE","./data/linkedin_data/linkedin_images/9_1732882869496.png, ./data/linkedin_data/linkedin_images/9_1732882869324.png, ./data/linkedin_data/linkedin_images/9_1732882869469.png, ./data/linkedin_data/linkedin_images/9_1732882868948.png"
Every app has that one feature that keeps us coming back.,"Whether it‚Äôs how easy it is to use, the little reminders that keep us engaged, or features that feel tailor-made for us‚Äîwhat do you think makes the biggest impact?Vote and let us know! üöÄ","#appengagementhashtag, #appfeatureshashtag, #mobileappdevelopmenthashtag, #mobiletrendshashtag, #itobuztechnologieshashtag, #appdevelopment, #techinnovationhashtag, #mobileappshashtag",,
Machine learning is changing the way we bank!,"From better security to faster loans and personalized services, ML is making banking smarter and safer. Curious about how it works?Swipe through to see the benefits!.","#smartbankinghashtag, #bankinginnovationhashtag, #aiinbankinghashtag, #machinelearninghashtag, #futureofbankinghashtag, #bankingsolutionshashtag, #itobuztechnoloies, #fintechhashtag, #techinfinancehashtag, #personalizedbankinghashtag","https://media.licdn.com/dms/image/v2/D5622AQFMRaYfr43QXg/feedshare-shrink_800/feedshare-shrink_800/0/1732263432895?e=1741219200&v=beta&t=VmNombzn52KrKAnTuJnynlXVYxC5enxx2yHx_UruLmI, https://media.licdn.com/dms/image/v2/D5622AQE6snIaxJfseg/feedshare-shrink_800/feedshare-shrink_800/0/1732263433871?e=1741219200&v=beta&t=zql-TFtCBav13oXJZj5V6TvWX6-qO0McjUIEVszKiQ8, https://media.licdn.com/dms/image/v2/D5622AQFGV6fi4CUvmQ/feedshare-shrink_800/feedshare-shrink_800/0/1732263433266?e=1741219200&v=beta&t=IHkC8kWMcjjMEXRmO8K4echoEcAS8I8Hcxdb6fiMsoc, https://media.licdn.com/dms/image/v2/D5622AQH1rHem5Fo1_g/feedshare-shrink_800/feedshare-shrink_800/0/1732263433124?e=1741219200&v=beta&t=ADKbZ83japSKNO7fNZnNt0aZmCKcm52Kv8_vVFl6bbk","./data/linkedin_data/linkedin_images/13_1732263432895.png, ./data/linkedin_data/linkedin_images/13_1732263433871.png, ./data/linkedin_data/linkedin_images/13_1732263433266.png, ./data/linkedin_data/linkedin_images/13_1732263433124.png"
üí° 2025 is all about pushing boundaries in app development:‚ú® AI-powered personalization‚ú® AR/VR-enhanced experiences‚ú® Lightning-fast performanceWe‚Äôre excited to lead the way.,Are you ready to join us? üåü.,"#appdevelopmenthashtag, #futureofappshashtag, #smartappshashtag, #appdevelopmenttrendshashtag, #2025innovationshashtag, #apptrends2025hashtag, #itobuztechnologieshashtag, #arvrhashtag, #technologyhashtag, #newyear2025hashtag, #digitaltransformation",,
"Throwback to 5th October 2024, when Itobuz Technologies lit up the stage with our spectacular Durga Puja Function!","üéâ From incredible performances to recognizing our team's hard work and dedication, it was a night of celebration, laughter, and camaraderie.Grateful for the amazing memories we created together. Here's to many more milestones ahead!","#MemorableMomentshashtag, #GrowingTogetherhashtag, #Throwbackhashtag, #DurgapujaCelebration2024hashtag, #DurgaPuja2024hashtag, #Teamworkhashtag, #Itobuz, #ItobuzCelebrateshashtag","https://media.licdn.com/dms/image/v2/D5622AQH0xUHoR5WHMQ/feedshare-shrink_800/feedshare-shrink_800/0/1728474813087?e=1741219200&v=beta&t=pAmS2Vx4-V5nSSkBXd0nxIRTtFcWaHcozmOuaIKTozE, https://media.licdn.com/dms/image/v2/D5622AQH_cewDcWjHAw/feedshare-shrink_800/feedshare-shrink_800/0/1728474811765?e=1741219200&v=beta&t=GWf8HRVSmAXmfQ5F7dcneGPQSuLEQtSzFljyJaB3FXc, https://media.licdn.com/dms/image/v2/D5622AQGLL4H6Qrthyw/feedshare-shrink_800/feedshare-shrink_800/0/1728474811626?e=1741219200&v=beta&t=-U0Wkgj5-DLXBik2d_VqVOZmjBgeI_rfxRgXRL_aeJo, https://media.licdn.com/dms/image/v2/D5622AQGGq3Z-uIty7A/feedshare-shrink_800/feedshare-shrink_800/0/1728474811958?e=1741219200&v=beta&t=wov3nc5j8Cm4goVaKwharUbwEMvBo6mbSKyKPSD5WE0","./data/linkedin_data/linkedin_images/17_1728474813087.png, ./data/linkedin_data/linkedin_images/17_1728474811765.png, ./data/linkedin_data/linkedin_images/17_1728474811626.png, ./data/linkedin_data/linkedin_images/17_1728474811958.png"
üå± Smart farming is here!,"With IoT, farmers can boost crop yields, save water, cut labor costs, and even monitor livestock health‚Äîall in real-time.Discover how technology is transforming agriculture for a more sustainable future. üåæ.","#smartagriculturehashtag, #techtrendshashtag, #sustainablelivinghashtag, #greentechhashtag, #iotinagriculturehashtag, #iothashtag, #innovationhashtag, #futureoffarminghashtag, #digitaltransformationhashtag, #itobuztechnologies, #farmtechhashtag, #technologyhashtag, #smartfarminghashtag, #sustainabilityhashtag","https://media.licdn.com/dms/image/v2/D5622AQEZp47XLAyRhw/feedshare-shrink_800/feedshare-shrink_800/0/1727974429975?e=1741219200&v=beta&t=9-wKAySCf4Em4q2LvoOocyVVh-gGGnhYYNerx2RWgYI, https://media.licdn.com/dms/image/v2/D5622AQGaHc3vhPKEww/feedshare-shrink_800/feedshare-shrink_800/0/1727974422689?e=1741219200&v=beta&t=nDiueEpWWW-VDIpkiDmgLDUNp-78dQOlbpzdNFMq0uI, https://media.licdn.com/dms/image/v2/D5622AQEChRgAbbNphg/feedshare-shrink_800/feedshare-shrink_800/0/1727974406783?e=1741219200&v=beta&t=XymoJYj6S41ghznOtVy3NGryNy3yh3GAYT_wvFJWvEU, https://media.licdn.com/dms/image/v2/D5622AQERk6vcLMjvIg/feedshare-shrink_800/feedshare-shrink_800/0/1727974415001?e=1741219200&v=beta&t=YFmTQH0J_Ke6-YsMDR-D9D3x51kSbcyzqMmI66kpdbk","./data/linkedin_data/linkedin_images/19_1727974429975.png, ./data/linkedin_data/linkedin_images/19_1727974422689.png, ./data/linkedin_data/linkedin_images/19_1727974406783.png, ./data/linkedin_data/linkedin_images/19_1727974415001.png"
"As we navigate the digital landscape of 2024, safeguarding your data and systems has never been more crucial.",Our comprehensive guide highlights the top cybersecurity practices you need to implement to stay protected.,"#cybersecurityhashtag, #cyberawarenesshashtag, #onlinesafetyhashtag, #infosechashtag, #itobuztechnologies, #protectyourdatahashtag, #securitybestpracticeshashtag, #dataprotectionhashtag","https://media.licdn.com/dms/image/v2/D5622AQHAJhwrg1lcjg/feedshare-shrink_800/feedshare-shrink_800/0/1727428838537?e=1741219200&v=beta&t=-F039SNovKvfy7G9agf-WUmmxua3WkG2gcuuWgBEldY, https://media.licdn.com/dms/image/v2/D5622AQGS5GoH0Pgwjg/feedshare-shrink_800/feedshare-shrink_800/0/1727428837932?e=1741219200&v=beta&t=zzHHrwLmt0nFq-YIOyRedZbT44qwNNX73jZQz7Hcp5k, https://media.licdn.com/dms/image/v2/D5622AQFvVjXZL395lg/feedshare-shrink_800/feedshare-shrink_800/0/1727428838748?e=1741219200&v=beta&t=oOZ3XXyvgdm5ivDvnxsp78ztHJDwslOdwdLgf6Ll9OU, https://media.licdn.com/dms/image/v2/D5622AQEkastXNieKOA/feedshare-shrink_800/feedshare-shrink_800/0/1727428837946?e=1741219200&v=beta&t=BZ0jOqrRUgQya3CcLRSYgTur0FstYVE0rHS8kvgYtEo","./data/linkedin_data/linkedin_images/21_1727428838537.png, ./data/linkedin_data/linkedin_images/21_1727428837932.png, ./data/linkedin_data/linkedin_images/21_1727428838748.png, ./data/linkedin_data/linkedin_images/21_1727428837946.png"
Boost Your Node.,"js Game! üåü Discover top strategies to make your Node.js apps scalable and high-performance. From event-driven architecture to effective caching and monitoring, these tips will help you optimize every aspect of your app.Get ready to elevate your development process!.","#appdevelopmenthashtag, #backenddevelopmenthashtag, #techtipshashtag, #fullstackdevelopmenthashtag, #javascripthashtag, #nodejshashtag, #itobuztechnologies, #scalableappshashtag, #performanceoptimizationhashtag, #webdevelopmenthashtag, #softwareengineeringhashtag","https://media.licdn.com/dms/image/v2/D5622AQHBBWiBvEB4vQ/feedshare-shrink_800/feedshare-shrink_800/0/1726836477345?e=1741219200&v=beta&t=V4oNLsHw6EiBRbdbzAd1GdH5238ACor_cj23L6lWez4, https://media.licdn.com/dms/image/v2/D5622AQEjz9puw04Y_Q/feedshare-shrink_800/feedshare-shrink_800/0/1726836476720?e=1741219200&v=beta&t=ZKumX64504eafiKZ6Sw-7sWLj5xJIf_ueuzoxTFIDIk, https://media.licdn.com/dms/image/v2/D5622AQGUr7TWM7dvxg/feedshare-shrink_800/feedshare-shrink_800/0/1726836476705?e=1741219200&v=beta&t=r-x7kAoym8KOj9pNcCc42wtuugLcpIhTHdIpkVOwZvA, https://media.licdn.com/dms/image/v2/D5622AQFkht0S2H9L9g/feedshare-shrink_800/feedshare-shrink_800/0/1726836476442?e=1741219200&v=beta&t=ASbOYHK78MHKEuAxsVTeLTM3aIvx6L9ZD1BV9aCcdM0","./data/linkedin_data/linkedin_images/23_1726836477345.png, ./data/linkedin_data/linkedin_images/23_1726836476720.png, ./data/linkedin_data/linkedin_images/23_1726836476705.png, ./data/linkedin_data/linkedin_images/23_1726836476442.png"
üåü Explore How AI & ML Are Revolutionizing On-Demand Apps!,"üåüFrom personalized experiences to smart forecasting and automated support, AI and Machine Learning are enhancing the way we interact with on-demand services.Swipe through our slides to see how these innovations are shaping the future!.","#appdevelopmenthashtag, #mobileapptrendshashtag, #airevolutionhashtag, #ondemandappshashtag, #machinelearninghashtag, #itobuztechnologies, #AIhashtag, #techinnovationhashtag","https://media.licdn.com/dms/image/v2/D5622AQGS5Md6vVmlHA/feedshare-shrink_800/feedshare-shrink_800/0/1725604185534?e=1741219200&v=beta&t=ngqG24FPaaai46uMMo0Em69DHOBi5zBn4HF6D5Luqiw, https://media.licdn.com/dms/image/v2/D5622AQEQltFlN3EnUA/feedshare-shrink_800/feedshare-shrink_800/0/1725604185076?e=1741219200&v=beta&t=jW1xDunPccNMvY55Dll8mIQYMcxLb6_b4MsVYDedXGw, https://media.licdn.com/dms/image/v2/D5622AQHS8QiSVn5wLA/feedshare-shrink_800/feedshare-shrink_800/0/1725604186741?e=1741219200&v=beta&t=3sIyElMTlxydoCOFqT_TcN0T1Qr9wCOI3lsHsBeM47k, https://media.licdn.com/dms/image/v2/D5622AQHvrB5FWr9ZAA/feedshare-shrink_800/feedshare-shrink_800/0/1725604185742?e=1741219200&v=beta&t=bCvYrwJw6x7igiGhYSXEX_ttlpOg747xsjAl_zC5-DI","./data/linkedin_data/linkedin_images/25_1725604185534.png, ./data/linkedin_data/linkedin_images/25_1725604185076.png, ./data/linkedin_data/linkedin_images/25_1725604186741.png, ./data/linkedin_data/linkedin_images/25_1725604185742.png"
Explore the leading trends shaping mobile app development in 2024!,"From cross-platform development to AR/VR integration and Progressive Web Apps (PWAs), discover how these innovations are transforming user experiences and pushing app boundaries.Stay ahead with insights into the future of mobile technology!.","#techtrendshashtag, #appdesignhashtag, #itobuztechnologies, #mobiletechhashtag, #apptrends2024hashtag, #mobileapptrendshashtag, #mobileappdevelopmenthashtag, #softwaredevelopmenthashtag","https://media.licdn.com/dms/image/v2/D5622AQGby_eCp2mm5g/feedshare-shrink_800/feedshare-shrink_800/0/1722603742185?e=1741219200&v=beta&t=z4UKNqkkWYzoVIWwWeBwlXcMdRhOa79P0Ja8Gdgc5Zs, https://media.licdn.com/dms/image/v2/D5622AQFHcftiEhSsLg/feedshare-shrink_800/feedshare-shrink_800/0/1722603743360?e=1741219200&v=beta&t=YNDzNoBL61tAElbWoUPxYfvl0yJ0v0P_OreaIWSpFfo, https://media.licdn.com/dms/image/v2/D5622AQE8HA8qtZdOnA/feedshare-shrink_800/feedshare-shrink_800/0/1722603743213?e=1741219200&v=beta&t=IdxCTpk9f6AkWTsCTGxG3uWKh_nJ0_FPOD-mAlrDFN0, https://media.licdn.com/dms/image/v2/D5622AQH3UpGMZq49Lg/feedshare-shrink_800/feedshare-shrink_800/0/1722603743030?e=1741219200&v=beta&t=9IgayKgWWzT7nQdQ3JfT5H5EIAwtfduEOBp0VUAi5Vo","./data/linkedin_data/linkedin_images/27_1722603742185.png, ./data/linkedin_data/linkedin_images/27_1722603743360.png, ./data/linkedin_data/linkedin_images/27_1722603743213.png, ./data/linkedin_data/linkedin_images/27_1722603743030.png"
"Ever wondered about the role of brackets [], {}, and [] in coding?","Discover how these symbols help you manage arrays and define code blocks. Learn the power of =, ==, and != for assigning values and comparing them effectively. Plus, master the art of using ;, ', and "" to punctuate and encapsulate in various programming languages.Are you ready to elevate your coding skills?Let's decode these fundamental symbols together! üöÄ.","#learntocodehashtag, #devlifehashtag, #codingbasicshashtag, #techcommunityhashtag, #programmingtipshashtag, #itobuztech, #codelearninghashtag, #codelifehashtag","https://media.licdn.com/dms/image/v2/D5622AQFLi6LwtZkMmQ/feedshare-shrink_800/feedshare-shrink_800/0/1721982010343?e=1741219200&v=beta&t=E40vdA1e51baqm0l-U_GQAyaRQA850uOYOPp05A54C0, https://media.licdn.com/dms/image/v2/D5622AQE5LgmdXhy_5g/feedshare-shrink_800/feedshare-shrink_800/0/1721982010111?e=1741219200&v=beta&t=E9qKjDQ2RdBPREK0jmrVNfbA3Hb3XnZ1ybhdCeMPGqY, https://media.licdn.com/dms/image/v2/D5622AQFvdB1sb9YGSQ/feedshare-shrink_800/feedshare-shrink_800/0/1721982010305?e=1741219200&v=beta&t=RQo8jil61Alkn4zb776cT8kMaaoNKRzWMxW2oMMxLgU, https://media.licdn.com/dms/image/v2/D5622AQE11iMTJjXpSg/feedshare-shrink_800/feedshare-shrink_800/0/1721982010284?e=1741219200&v=beta&t=PZ6U7j08z4jOJlXRROAQwtqbUhGgiFOITVfQv1ulBu8","./data/linkedin_data/linkedin_images/29_1721982010343.png, ./data/linkedin_data/linkedin_images/29_1721982010111.png, ./data/linkedin_data/linkedin_images/29_1721982010305.png, ./data/linkedin_data/linkedin_images/29_1721982010284.png"
Here‚Äôs a special Merry Christmas crafted in the language we love most ‚Äì code!,"‚ú®üéÖAs tech enthusiasts, we believe that a little creativity and a lot of love make the perfect holiday greeting. Wishing you a festive season full of warmth, joy, and a sprinkle of magic. ‚ù§Ô∏èüí°What‚Äôs your favorite way to spread holiday cheer this season?.","#joyfulcodinghashtag, #merrychristmas2024hashtag, #christmashashtag, #codingcommunityhashtag, #holidayseasonhashtag, #programmerslifehashtag, #christmasmagichashtag, #merrychristmashashtag, #itobuztechnologies, #festivevibeshashtag, #creativecodehashtag",https://media.licdn.com/dms/image/v2/D5622AQHeexeh-X9Jpg/feedshare-shrink_800/B56ZPzsU7KGQAg-/0/1734960306940?e=1741219200&v=beta&t=Dn5y959-5Azx8EaXZdpk0Euvbk1zDMzthqJHE9_lidQ,./data/linkedin_data/linkedin_images/31_1734960306940.png
Explore the power of APIs in web development!,"APIs act as bridges, connecting software applications to share data and integrate third-party services.Discover how APIs are transforming websites with new features like real-time data and secure payment processing.Embrace the benefits of APIs for streamlined development and enhanced functionality.","#techtrendshashtag, #webdevtipshashtag, #codinghashtag, #apishashtag, #programminghashtag, #webdevelopmenthashtag, #itobuztech, #techinnovationhashtag","https://media.licdn.com/dms/image/v2/D5622AQFk8z0s17PiRw/feedshare-shrink_800/feedshare-shrink_800/0/1721380723481?e=1741219200&v=beta&t=bJMiDL6mc9W0OroccNoOKok1Y_6V21vI2xtLkawwKxU, https://media.licdn.com/dms/image/v2/D5622AQES6IL_S6g1dA/feedshare-shrink_800/feedshare-shrink_800/0/1721380723645?e=1741219200&v=beta&t=QCQFLO--UsDJ4xBjszeRKwyuV5cQTtebJOE2A1ncGbg, https://media.licdn.com/dms/image/v2/D5622AQGwH4dLLUDefw/feedshare-shrink_800/feedshare-shrink_800/0/1721380723696?e=1741219200&v=beta&t=ejq_tVEcegYnNIV_ATWPJ2OU9JQgxibdauqiD284xtw, https://media.licdn.com/dms/image/v2/D5622AQEg2qTnMCY8Hg/feedshare-shrink_800/feedshare-shrink_800/0/1721380723655?e=1741219200&v=beta&t=mVd7mMtbx6fmQBqYmpoh-bRbcay-V_sHSG32Da1uPnQ","./data/linkedin_data/linkedin_images/33_1721380723481.png, ./data/linkedin_data/linkedin_images/33_1721380723645.png, ./data/linkedin_data/linkedin_images/33_1721380723696.png, ./data/linkedin_data/linkedin_images/33_1721380723655.png"
Learn how to improve your dashboard's performance with these simple yet effective tips.,"From simplifying data queries to implementing data caching, these strategies will help you achieve quick load times and smooth interactions, enhancing the user experience and decision-making.","#itobuz, #devtipshashtag, #techtipshashtag, #dashboarddesignhashtag, #webdevelopmenthashtag, #dashboardperformancehashtag, #techinsightshashtag, #userexperiencehashtag","https://media.licdn.com/dms/image/v2/D5622AQGN9TS7nvpDzA/feedshare-shrink_800/feedshare-shrink_800/0/1721048271030?e=1741219200&v=beta&t=kGvFdNRCHQY8pBUgumcwuTGr1qYJ0JQuxFUTQ9Zi0R4, https://media.licdn.com/dms/image/v2/D5622AQHw-TNteBpsgg/feedshare-shrink_800/feedshare-shrink_800/0/1721048271403?e=1741219200&v=beta&t=dCCOnGrJaPV_j-vaJ7FkkG8H6aQAbP40ho8LuQkNFMg, https://media.licdn.com/dms/image/v2/D5622AQFlTHjwoAZrDw/feedshare-shrink_800/feedshare-shrink_800/0/1721048271200?e=1741219200&v=beta&t=gxR-ScZCdGnkiqMnrzsZPayLRWL9ne5tYccV_eb7sgU, https://media.licdn.com/dms/image/v2/D5622AQGaWO_8a6z9VA/feedshare-shrink_800/feedshare-shrink_800/0/1721048271355?e=1741219200&v=beta&t=uLj4Pg3fXj014uRha4C9IH0aoiW4f2ZPI7FPx73JMBo","./data/linkedin_data/linkedin_images/35_1721048271030.png, ./data/linkedin_data/linkedin_images/35_1721048271403.png, ./data/linkedin_data/linkedin_images/35_1721048271200.png, ./data/linkedin_data/linkedin_images/35_1721048271355.png"
Building a successful web application involves a careful balance of key factors.,Each element contributes uniquely to the user experience and effectiveness of the app. We're curious: which aspect do you consider the most critical?Share your opinion on what feature you think is most important for a web application's success!Vote now!.,"#appdevelopmenthashtag, #itobuz, #uxdesignshashtag, #webdevelopmenthashtag, #webappshashtag, #techinnovationhashtag, #userexperiencehashtag",,
"Discover how low-code/no-code platforms are transforming app development, making it faster, more cost-effective, and fostering greater collaboration and innovation.",No content,"#lowcodehashtag, #techtrendshashtag, #appdevelopmenthashtag, #nocodedevelopmenthashtag, #innovationhashtag, #nocodehashtag, #itobuztech, #softwaredevelopmenthashtag","https://media.licdn.com/dms/image/v2/D5622AQGUwXuStYoGpA/feedshare-shrink_800/feedshare-shrink_800/0/1718347552270?e=1741219200&v=beta&t=NhqVG-Timc5IJFkZj30R60FJ5OgHv8VTsDrqjg87Myo, https://media.licdn.com/dms/image/v2/D5622AQFFBELmk99U3w/feedshare-shrink_800/feedshare-shrink_800/0/1718347551246?e=1741219200&v=beta&t=m4eiLCEn7crS3khjhmXWeOR-N-VUKTOfH1t_X4QTTYY, https://media.licdn.com/dms/image/v2/D5622AQHy0xJBW3B5Ow/feedshare-shrink_800/feedshare-shrink_800/0/1718347551827?e=1741219200&v=beta&t=Twec8ABpxshDI4rWDUb4pIlg7MCUSE917NJYWXxE9LQ, https://media.licdn.com/dms/image/v2/D5622AQEtRBWdrOSMXQ/feedshare-shrink_800/feedshare-shrink_800/0/1718347551239?e=1741219200&v=beta&t=H4aJZQv-8voY5DjDpAYllKBdXyQFRJ7I2pAzBnlEiPI","./data/linkedin_data/linkedin_images/39_1718347552270.png, ./data/linkedin_data/linkedin_images/39_1718347551246.png, ./data/linkedin_data/linkedin_images/39_1718347551827.png, ./data/linkedin_data/linkedin_images/39_1718347551239.png"
ITobuz Technologies is celebrating its 14th anniversary!,"üéâ Our office is filled with joy, laughter, and pride as we honor the journey we've traveled together.From our humble beginnings to becoming a leading force in the tech industry, our success is a testament to the hard work, dedication, and passion of our incredible team. üåüThe celebration features our annual awards ceremony, recognizing and applauding the outstanding achievements of our team members. üèÜ Each award symbolizes our appreciation for their relentless commitment and exceptional contributions.We are immensely grateful to our clients, partners, and well-wishers for their continued support and trust in us. Here's to many more years of innovation, growth, and success! üöÄ.","#awardceremonyhashtag, #14yearshashtag, #itobuz, #excellencehashtag, #innovationhashtag, #techleadershashtag, #gratitudehashtag, #itobuzanniversaryhashtag, #teamitobuzhashtag","https://media.licdn.com/dms/image/v2/D5622AQHvEndEKJacoQ/feedshare-shrink_800/feedshare-shrink_800/0/1718181811432?e=1741219200&v=beta&t=f6FHQGA6sezr7Vu7SLMJy8bKQzwFmy2_Piz0--EqLiU, https://media.licdn.com/dms/image/v2/D5622AQFkxif-waaRdA/feedshare-shrink_800/feedshare-shrink_800/0/1718181799844?e=1741219200&v=beta&t=9fVw3wIQSTx0V1gwZS_5UyXroQPxTFXsmiZdVfPy1SY, https://media.licdn.com/dms/image/v2/D5622AQH3fcOPVQcRIQ/feedshare-shrink_800/feedshare-shrink_800/0/1718181796749?e=1741219200&v=beta&t=ggJ27NizJ-RJnRgW5T-ZlXs4-a2d7DDaevdaxEs-0L8, https://media.licdn.com/dms/image/v2/D5622AQG497le5OokqA/feedshare-shrink_800/feedshare-shrink_800/0/1718181796385?e=1741219200&v=beta&t=xgeRmTR--AuhjiTyUdxdOrlg_u4kwghW0QMo27_t0Dc","./data/linkedin_data/linkedin_images/41_1718181811432.png, ./data/linkedin_data/linkedin_images/41_1718181799844.png, ./data/linkedin_data/linkedin_images/41_1718181796749.png, ./data/linkedin_data/linkedin_images/41_1718181796385.png"
"On June 5th, our team celebrated World Environment Day in a unique and engaging way.","We exchanged plants as a symbol of our commitment to the environment and enjoyed a fun, eco-themed game together. It was a day filled with enthusiasm and dedication to fostering a greener, healthier planet for future generations. üå±üåø.","#environmentalawarenesshashtag, #itobuzhashtag, #ecofriendlyhashtag, #sustainabilityhashtag, #worldenvironmentdayhashtag, #itobuztech, #greeninitiativeshashtag","https://media.licdn.com/dms/image/v2/D5622AQEuZ2D0l13Pfw/feedshare-shrink_800/feedshare-shrink_800/0/1719200085686?e=1741219200&v=beta&t=N560YMwWKCqlHn9Ni1qRREnEOczicTVh2sFG8VXNmVw, https://media.licdn.com/dms/image/v2/D5622AQFoGtvDB-7gGQ/feedshare-shrink_800/feedshare-shrink_800/0/1719030746126?e=1741219200&v=beta&t=Sj7U88z0WHM8JLyZ2_uTIRaAvNqgplcukmXWa0OvQ9k, https://media.licdn.com/dms/image/v2/D5622AQH7E1v92LhKVA/feedshare-shrink_800/feedshare-shrink_800/0/1719199506279?e=1741219200&v=beta&t=CX11g3RgR05AGsvRCMMv_cwYHpCmo-bWmO7-qyzRwhQ, https://media.licdn.com/dms/image/v2/D5622AQFzFQ_a6DVS0A/feedshare-shrink_800/feedshare-shrink_800/0/1719125877770?e=1741219200&v=beta&t=KFxXqACsH2qiZH4SmdzCg3wjyrGecKIo_f0yXKpntk4","./data/linkedin_data/linkedin_images/43_1719200085686.png, ./data/linkedin_data/linkedin_images/43_1719030746126.png, ./data/linkedin_data/linkedin_images/43_1719199506279.png, ./data/linkedin_data/linkedin_images/43_1719125877770.png"
Ever wondered how everyday terms take on a whole new meaning in the world of technology?,"Swipe through to discover the fascinating dual meanings of words that everyone uses but developers see differently. From bugs to cookies, explore the unique tech twist behind common terms.","#developerlifehashtag, #techlanguagehashtag, #techhashtag, #developerhashtag, #itobuztech, #techculturehashtag, #softwaredevelopmenthashtag","https://media.licdn.com/dms/image/v2/D5622AQGJ_d5o23nIMg/feedshare-shrink_800/feedshare-shrink_800/0/1719140641165?e=1741219200&v=beta&t=hJup_9sS-xaHLTSsOPfAaM0ZbvhUvhpot-vT7LSXYMw, https://media.licdn.com/dms/image/v2/D5622AQGalCiNqYzYHg/feedshare-shrink_800/feedshare-shrink_800/0/1719039833308?e=1741219200&v=beta&t=tiGIy6rcerQiqAp9hLAFZXLREj7yDuH0OugmsDfWZvQ, https://media.licdn.com/dms/image/v2/D5622AQECcr4eY_BSwA/feedshare-shrink_800/feedshare-shrink_800/0/1719150897408?e=1741219200&v=beta&t=KDSuzhzeUpVP3vxA85kAGDLDqX3SM71NyfHE298CVfU, https://media.licdn.com/dms/image/v2/D5622AQFsuCr36YZS4Q/feedshare-shrink_800/feedshare-shrink_800/0/1719038305932?e=1741219200&v=beta&t=-ewDXfcgmKHzOTmSdl55-wrIZ9z8OLr1-YTco_u0cKY","./data/linkedin_data/linkedin_images/45_1719140641165.png, ./data/linkedin_data/linkedin_images/45_1719039833308.png, ./data/linkedin_data/linkedin_images/45_1719150897408.png, ./data/linkedin_data/linkedin_images/45_1719038305932.png"
Which aspect of software development sparks your passion?,"Whether it's the hands-on coding, the exhilarating problem-solving, the collaborative teamwork, or the gratifying sight of your work in action, we're eager to know!Cast your vote and join the discussion.","#codinghashtag, #techinnovation, #problemsolvinghashtag, #softwaredevelopmenthashtag",,
"Explore the transformative potential of custom mobile apps, offering tailored solutions that cater to your business needs.","From intuitive user interfaces to enhanced productivity, these apps are designed to scale with your business and give you a competitive edge in the market.","#appdevelopmenthashtag, #itobuzhashtag, #custommobileappshashtag, #userinterfaces, #mobileappdevelopmenthashtag","https://media.licdn.com/dms/image/v2/D5622AQFxKQZaLv8jXw/feedshare-shrink_800/feedshare-shrink_800/0/1715328968369?e=1741219200&v=beta&t=159FsGbq1x76t7IwdxWlLwfimi8BP9lvYDuyj_m-wqA, https://media.licdn.com/dms/image/v2/D5622AQEjT9SJL8je4A/feedshare-shrink_800/feedshare-shrink_800/0/1715328968198?e=1741219200&v=beta&t=H3nmqKKthe2GzE29GMW8fVQ8C6Q4W84-7DcVXy8Y--0, https://media.licdn.com/dms/image/v2/D5622AQF07lANfW8Khg/feedshare-shrink_800/feedshare-shrink_800/0/1715328961652?e=1741219200&v=beta&t=d7x7jNCtb_uTXtP19XjQ8niTxPiXK5_ZQnVKvbnuVqw, https://media.licdn.com/dms/image/v2/D5622AQHX51mmKLVoEA/feedshare-shrink_800/feedshare-shrink_800/0/1715328964848?e=1741219200&v=beta&t=F8_dqdjsnwunrYj6kr2mj2XG-VG7GHP_9lEcZIRjoyA","./data/linkedin_data/linkedin_images/49_1715328968369.png, ./data/linkedin_data/linkedin_images/49_1715328968198.png, ./data/linkedin_data/linkedin_images/49_1715328961652.png, ./data/linkedin_data/linkedin_images/49_1715328964848.png"
Our on-demand apps are designed to transform your business.,"Whether you need a taxi booking app, a delivery app, home services app, or a laundry app, we've got you covered.Connect with us today to explore how our on-demand apps can revolutionize your business!.","#appdevelopmenthashtag, #itobuzhashtag, #ondemandappshashtag, #techhashtag, #mobileapps, #technologyhashtag","https://media.licdn.com/dms/image/v2/D5622AQFqwRYKlpUqRw/feedshare-shrink_800/feedshare-shrink_800/0/1714731017819?e=1741219200&v=beta&t=TQu6xGX6E41y6VKm1ksmU4Fk3hKAoc0D5zQivuhlgo4, https://media.licdn.com/dms/image/v2/D5622AQG-XuZbXq7dHw/feedshare-shrink_800/feedshare-shrink_800/0/1714731015916?e=1741219200&v=beta&t=8lpMV_qeiuvqEtTL8i5IXpd0Xrg_4qvho-XxaAFHYKw, https://media.licdn.com/dms/image/v2/D5622AQH0usDkeXjTMQ/feedshare-shrink_800/feedshare-shrink_800/0/1714731008942?e=1741219200&v=beta&t=9gVQ_jicPYwms0lFl9KCCuzZ4SHamrXuRkDTlnMJgow, https://media.licdn.com/dms/image/v2/D5622AQFQX0_COPf_5w/feedshare-shrink_800/feedshare-shrink_800/0/1714731016339?e=1741219200&v=beta&t=40e0YbWhngfvNZ_ig5unewZvzazvuvNStZrGOO0MUy4","./data/linkedin_data/linkedin_images/51_1714731017819.png, ./data/linkedin_data/linkedin_images/51_1714731015916.png, ./data/linkedin_data/linkedin_images/51_1714731008942.png, ./data/linkedin_data/linkedin_images/51_1714731016339.png"
Get ready to explore the future of technology!,"From managing cyber threats to sustainable solutions, from building trust in AI to boosting development with AI, these trends are shaping the tech landscape of 2024.Stay tuned for more updates!.","#futuretechhashtag, #techtrends2024hashtag, #technologyhashtag, #itobuztech","https://media.licdn.com/dms/image/v2/D5622AQFtsZW7v9gksQ/feedshare-shrink_800/feedshare-shrink_800/0/1714119986892?e=1741219200&v=beta&t=Es2OA4pzYekQZdupgJ1MIJD4wuYxP7V6CaNiJmaLPDg, https://media.licdn.com/dms/image/v2/D5622AQGdp6fD5SiuwQ/feedshare-shrink_800/feedshare-shrink_800/0/1714119984710?e=1741219200&v=beta&t=_e2yDuv8rSocz0H1fxcrnuG1sNd7SaI_-oL5d7iNFQk, https://media.licdn.com/dms/image/v2/D5622AQHdirKp0ClB2Q/feedshare-shrink_800/feedshare-shrink_800/0/1714119983070?e=1741219200&v=beta&t=Cmp8FHG2iFzoMprmjJ0kAaOXBBEi0cQfhSBwHf7AHic, https://media.licdn.com/dms/image/v2/D5622AQGB7Xr8rNdeig/feedshare-shrink_800/feedshare-shrink_800/0/1714119991123?e=1741219200&v=beta&t=e4KR1AIcWFYAGRg0iyVgjYdirmaP_bvK50_UIlHCFc4","./data/linkedin_data/linkedin_images/53_1714119986892.png, ./data/linkedin_data/linkedin_images/53_1714119984710.png, ./data/linkedin_data/linkedin_images/53_1714119983070.png, ./data/linkedin_data/linkedin_images/53_1714119991123.png"
"Discover how datafication is revolutionizing businesses, leveraging technology to transform operations, personalize marketing, and drive efficiency gains.",Explore real-world examples and the top benefits of embracing data-driven strategies.,"#businessdatahashtag, #itobuztechhashtag, #dataficationhashtag, #datahashtag, #technologyhashtag, #businessanalytics","https://media.licdn.com/dms/image/v2/D5622AQEXeJutsJHyRQ/feedshare-shrink_800/feedshare-shrink_800/0/1713509780108?e=1741219200&v=beta&t=tbQ60vfsmz_pumZ4cGFMQuN1ZVYM5NyDOTfIZhU-ve4, https://media.licdn.com/dms/image/v2/D5622AQE6n8U9J83vVQ/feedshare-shrink_800/feedshare-shrink_800/0/1713509780169?e=1741219200&v=beta&t=9B-33_3qyd9NBe7LII9tBvEmTWI5lCdeZtZSL1hkD60, https://media.licdn.com/dms/image/v2/D5622AQH4R5O2uKB1iQ/feedshare-shrink_800/feedshare-shrink_800/0/1713509784707?e=1741219200&v=beta&t=dqkvOW1qMQD2BZBkKVlf2FQRUc6IVobb4-mSwFoPoNg, https://media.licdn.com/dms/image/v2/D5622AQHrV0v9TsE5CQ/feedshare-shrink_800/feedshare-shrink_800/0/1713509783351?e=1741219200&v=beta&t=o4XSSiXufTfkDVNmpVfhZD06hXGWUgMnCsi_RLxJzPM","./data/linkedin_data/linkedin_images/55_1713509780108.png, ./data/linkedin_data/linkedin_images/55_1713509780169.png, ./data/linkedin_data/linkedin_images/55_1713509784707.png, ./data/linkedin_data/linkedin_images/55_1713509783351.png"
"Explore the world of robo advisors, automated investment platforms driven by algorithms and AI.","Learn about their benefits, key features, and how they can revolutionize your investment strategy.","#itobuzhashtag, #aihashtag, #roboaihashtag, #itobuztech, #roboadvisorhashtag","https://media.licdn.com/dms/image/v2/D5622AQHgW3dP1zKoUQ/feedshare-shrink_800/feedshare-shrink_800/0/1711710024180?e=1741219200&v=beta&t=v7Jr-9AB-BbJLdYa5TKQHj3ilTTWm7odONVq76Sxvio, https://media.licdn.com/dms/image/v2/D5622AQHkBdipqacBGw/feedshare-shrink_800/feedshare-shrink_800/0/1711710028346?e=1741219200&v=beta&t=teuQLrioR4USKQHmBZxGZR6TnAK4ViuxqxmhiwCN2mM, https://media.licdn.com/dms/image/v2/D5622AQGBP8AZlRmCVg/feedshare-shrink_800/feedshare-shrink_800/0/1711710033194?e=1741219200&v=beta&t=GJD-7M9hTqqN7HYwTH3MAbwPD95Uu_uPLJISaOZfpxk, https://media.licdn.com/dms/image/v2/D5622AQFzJ93O9TyueQ/feedshare-shrink_800/feedshare-shrink_800/0/1711710021687?e=1741219200&v=beta&t=A4rMM_-NyTMABOXuFzOv4Sub9m8YLzhn-5KIKec65MQ","./data/linkedin_data/linkedin_images/57_1711710024180.png, ./data/linkedin_data/linkedin_images/57_1711710028346.png, ./data/linkedin_data/linkedin_images/57_1711710033194.png, ./data/linkedin_data/linkedin_images/57_1711710021687.png"
"From thrilling adventures to unforgettable moments, our office trip to Sundarbans was a day of pure joy and team spirit.",Check out the fun we had and the memories we made! ü§©.,"#teamspirithashtag, #workFunbalance, #memoriesmadehashtag, #sundarbansadventurehashtag, #teamoutinghashtag, #joyfulmomentshashtag, #teambuildinghashtag, #officetriphashtag","https://media.licdn.com/dms/image/v2/D5622AQFYTcqydD8Xrw/feedshare-shrink_800/feedshare-shrink_800/0/1711535664998?e=1741219200&v=beta&t=jJTdDGZhiJn_Ah4LOjH19ump1QC-O9utqNYHUng70AU, https://media.licdn.com/dms/image/v2/D5622AQEIIlzYZ0dQWQ/feedshare-shrink_800/feedshare-shrink_800/0/1711535665031?e=1741219200&v=beta&t=8bVP_z9aUti5mNjkWIvWv5b7IWQpaoE526qcfDbzErU, https://media.licdn.com/dms/image/v2/D5622AQE-BTCSbm5AcA/feedshare-shrink_800/feedshare-shrink_800/0/1711535664490?e=1741219200&v=beta&t=DKV2cbtIUvSRagbPeXtU4Acdi-KW8izH-6IrUvtqx1U, https://media.licdn.com/dms/image/v2/D5622AQEls2dNDT_XrQ/feedshare-shrink_800/feedshare-shrink_800/0/1711535665098?e=1741219200&v=beta&t=EAyZDIaR6LFaJX5NBnUT_a03SEdMJEl_12BTVHqMOlw","./data/linkedin_data/linkedin_images/59_1711535664998.png, ./data/linkedin_data/linkedin_images/59_1711535665031.png, ./data/linkedin_data/linkedin_images/59_1711535664490.png, ./data/linkedin_data/linkedin_images/59_1711535665098.png"
Discover the groundbreaking impact of AI on transportation.,"From optimized insurance processes to smarter traffic management and intelligent driver care, AI is revolutionizing the way we travel.","#artificialintelligencehashtag, #aihashtag, #transportation, #aIintransportationhashtag","https://media.licdn.com/dms/image/v2/D5622AQGXvuf4ThZG9w/feedshare-shrink_800/feedshare-shrink_800/0/1711101863951?e=1741219200&v=beta&t=tOxym6E-ZqxtgFdDCVQOYj2FY4QRKx7j42MzDahR1uw, https://media.licdn.com/dms/image/v2/D5622AQGNqgqyb5vK_Q/feedshare-shrink_800/feedshare-shrink_800/0/1711101863812?e=1741219200&v=beta&t=BFj3nlv0MXSQO8QhkvQUsbt6QhE32jEr7B51UUEdEHE, https://media.licdn.com/dms/image/v2/D5622AQHxmr25EiS0Mg/feedshare-shrink_800/feedshare-shrink_800/0/1711101863415?e=1741219200&v=beta&t=h9hCUqEvqHHOScWY8Hq4zIAhd6qa1z9JyLNklAoGLWU, https://media.licdn.com/dms/image/v2/D5622AQHqh6wgK3CNRA/feedshare-shrink_800/feedshare-shrink_800/0/1711101863651?e=1741219200&v=beta&t=5gSopGQG7wOmzs9VSHFudHcf4NlN-V54Rd-ybzUK5jQ","./data/linkedin_data/linkedin_images/61_1711101863951.png, ./data/linkedin_data/linkedin_images/61_1711101863812.png, ./data/linkedin_data/linkedin_images/61_1711101863415.png, ./data/linkedin_data/linkedin_images/61_1711101863651.png"
Software development methodologies play a crucial role in project success.,We want to know: which approach do you prefer?Vote now and share your thoughts!.,"#techtrendshashtag, #softwareengineeringhashtag, #polling, #softwaredevelopmenthashtag",,
Throwback to the incredible Women's Day celebration at Itobuz Technologies on 8th March 2024.,"A day filled with joy, empowerment, and celebration of our amazing women‚Äôs team!.","#womendayhashtag, #womendaycelebration, #womenempowermenthashtag","https://media.licdn.com/dms/image/v2/D5622AQGPT31D1v5z-Q/feedshare-shrink_800/feedshare-shrink_800/0/1710764870813?e=1741219200&v=beta&t=1VG9itlvPAmEYwirUI18XDeULLxR67HEVFFQ-cbOBFg, https://media.licdn.com/dms/image/v2/D5622AQHoYYkcOLVm4g/feedshare-shrink_800/feedshare-shrink_800/0/1710764871747?e=1741219200&v=beta&t=AWdKKnRTaZTGgRCdWgV7hhmw_G3N-1zw6xbv9nVT7JU, https://media.licdn.com/dms/image/v2/D5622AQErlF6NfLaXGw/feedshare-shrink_800/feedshare-shrink_800/0/1710764870927?e=1741219200&v=beta&t=4qrbS6m69Ck6ZDNJfbN6N7JEK23_Bc_FobWQAKVOYFg","./data/linkedin_data/linkedin_images/65_1710764870813.png, ./data/linkedin_data/linkedin_images/65_1710764871747.png, ./data/linkedin_data/linkedin_images/65_1710764870927.png"
Unlock the potential of Robotic Process Automation (RPA) with our comprehensive guide.,"Explore its benefits, industries using it, implementation challenges, and future prospects.","#rpahashtag, #technology, #automationhashtag",https://media.licdn.com/dms/image/v2/D5612AQFAdQmX_lJ5sA/article-cover_image-shrink_423_752/article-cover_image-shrink_423_752/0/1709642323839?e=1744243200&v=beta&t=ZUDDPCw8ul8sGcsUSy5FfoWj-oooyrgESCO3wHcDdQE,./data/linkedin_data/linkedin_images/67_1709642323839.png
"From chatbots streamlining tasks to voice assistants powering meetings, discover how AI is reshaping the future of work.",üåêüí¨üó£Ô∏è.,"#voiceassistantshashtag, #aihashtag, #automationhashtag, #chatbotshashtag, #techtrends, #digitaltransformationhashtag, #aiinbusinesshashtag, #futureofworkhashtag, #artificialintelligencehashtag, #workplacetechnologyhashtag","https://media.licdn.com/dms/image/v2/D5622AQGK3qH6HPM_jg/feedshare-shrink_800/feedshare-shrink_800/0/1709283848189?e=1741219200&v=beta&t=9X_tsirrkn5nB7i0W_aLSjLcDxHzKTxkxhCrnjAV0os, https://media.licdn.com/dms/image/v2/D5622AQHk9x37c9YoiQ/feedshare-shrink_800/feedshare-shrink_800/0/1709283766355?e=1741219200&v=beta&t=bmHBJpC8eOOws2xjnQvg_G7C7pmuIvK68zsQ4sM0WIQ, https://media.licdn.com/dms/image/v2/D5622AQEL4gRzcD7v_g/feedshare-shrink_800/feedshare-shrink_800/0/1709283902645?e=1741219200&v=beta&t=yHNlgkjQzgxiPk7XVI3xJ4U0PS7HtCo0vo99QsqB15M, https://media.licdn.com/dms/image/v2/D5622AQEZR5Rk7rsHlA/feedshare-shrink_800/feedshare-shrink_800/0/1709283826129?e=1741219200&v=beta&t=6CSs5ZxuLLGkzrB0_2j-x971fIiZFQffedoJqsAFHeI, https://media.licdn.com/dms/image/v2/D5622AQEA7yFzjNBUYQ/feedshare-shrink_800/feedshare-shrink_800/0/1709283765917?e=1741219200&v=beta&t=dN2QjPhNC3sKNCid8N96D2P7hYRnFnsQgSSx7nW0C8Y","./data/linkedin_data/linkedin_images/69_1709283848189.png, ./data/linkedin_data/linkedin_images/69_1709283766355.png, ./data/linkedin_data/linkedin_images/69_1709283902645.png, ./data/linkedin_data/linkedin_images/69_1709283826129.png, ./data/linkedin_data/linkedin_images/69_1709283765917.png"
Which aspect of AI in education excites you the most?,Vote now!.,"#edtech, #futureoflearninghashtag, #aiineducationhashtag",,
"Unlock the power of 5G with blazing speeds, minimal latency, and seamless device connectivity.","Dive into its benefits, navigate through challenges, and witness its global embrace.","#5gtechnologyhashtag, #technology, #5ghashtag, #5gconnectivityhashtag",https://media.licdn.com/dms/image/v2/D5612AQHANHQ7vM4icg/article-cover_image-shrink_423_752/article-cover_image-shrink_423_752/0/1709039250140?e=1744243200&v=beta&t=SLhXOE1oGX1MKO4F3VIRixV0HGqHSrw7GdQkwqlt0xg,./data/linkedin_data/linkedin_images/73_1709039250140.png
"Experience the magic of Apple Vision Pro as it transforms your digital world into an immersive, personalized space.","From customizing your workspace to reliving cherished memories in stunning 3D, Apple Vision Pro brings a touch of enchantment to your everyday tech experience.","#aifuturehashtag, #aihashtag, #technologytrends, #applevisionprohashtag","https://media.licdn.com/dms/image/v2/D5622AQGiFF7kc6V1YA/feedshare-shrink_800/feedshare-shrink_800/0/1708691396894?e=1741219200&v=beta&t=fC2txj7tqLAA6797KUFKRxNgfYy38uqG18iovAWkfVo, https://media.licdn.com/dms/image/v2/D5622AQGAHtZ9XhT-1A/feedshare-shrink_800/feedshare-shrink_800/0/1708691396358?e=1741219200&v=beta&t=V1mlGhXhkb946s4DbzHLeaStMJbhqhQceX7gCpmSZUw, https://media.licdn.com/dms/image/v2/D5622AQG_PATliQmFuw/feedshare-shrink_800/feedshare-shrink_800/0/1708691396630?e=1741219200&v=beta&t=xA7wLxwHTYSS34QZo04YecL3wk8_95PxL6xC0wy2sYE, https://media.licdn.com/dms/image/v2/D5622AQGU1LTVOzJy1A/feedshare-shrink_800/feedshare-shrink_800/0/1708691396573?e=1741219200&v=beta&t=VXVQhqtE3pVlaTe7W2UBIeQ5Pl0zZPvAkqI6DWxEyjE, https://media.licdn.com/dms/image/v2/D5622AQHFJUZyTnHirA/feedshare-shrink_800/feedshare-shrink_800/0/1708691398290?e=1741219200&v=beta&t=8qk357h_IVUmS-qDYhnBkaFmHeVk0DOIp0-RMCmA8tc","./data/linkedin_data/linkedin_images/75_1708691396894.png, ./data/linkedin_data/linkedin_images/75_1708691396358.png, ./data/linkedin_data/linkedin_images/75_1708691396630.png, ./data/linkedin_data/linkedin_images/75_1708691396573.png, ./data/linkedin_data/linkedin_images/75_1708691398290.png"
üì± What's your preferred approach for mobile app development?,Cast your vote now and let's discover which option captures the developer community's preference! üíª.,"#mobileappdevhashtag, #mobileappsolutions, #mobileappdevelopmenthashtag, #mobileapphashtag",,
"This Thanksgiving, we‚Äôre filled with gratitude for both the amazing clients we get to work with and the incredible team that makes it all possible.","Your trust, dedication, and collaboration help us grow and succeed every day. Thank you for being part of our journey! üçÇ‚ú®Wishing everyone a joyful and restful Thanksgiving!.","#thanksgivinghashtag, #innovationhashtag, #clientappreciationhashtag, #techcommunityhashtag, #itobuztechnoloies, #gratitudehashtag, #technologyhashtag, #thanksgiving2024hashtag, #teamworkhashtag, #collaborationhashtag",https://media.licdn.com/dms/image/v2/D5622AQEvThuG1HdGIA/feedshare-shrink_800/feedshare-shrink_800/0/1732799288559?e=1741219200&v=beta&t=aFQWvwvzb4P_0P7seZOGNoL4qaHC4buVN5d8KBDDi1c,./data/linkedin_data/linkedin_images/79_1732799288559.png
Happy Diwali from our team to yours!,"ü™î‚ú®May this festival of lights bring you joy, prosperity, and new opportunities. Just like diyas light up the darkness, our innovative solutions are here to illuminate your digital journey.Let‚Äôs celebrate new beginnings and build something extraordinary together!.","#festivaloflightshashtag, #itobuztechnoloies, #diwali2024hashtag, #happydiwalihashtag, #diwalicelebrationhashtag",https://media.licdn.com/dms/image/v2/D5622AQHneyG7TIbNlQ/feedshare-shrink_800/feedshare-shrink_800/0/1730203822351?e=1741219200&v=beta&t=Pi8zMpAmWSbW-QlRxv1Z9mx410gmyFJbqEFUgbfKtec,./data/linkedin_data/linkedin_images/81_1730203822351.png
Got scary bugs haunting your web app?,"Don‚Äôt worry! We‚Äôre here to debug and deliver a smooth, seamless experience.Say goodbye to those code nightmares! üéÉ‚ú®.","#halloweenvibeshashtag, #codeoptimizationhashtag, #itobuztechnologies, #webapphashtag, #webdevelopmenthashtag, #debugginghashtag, #halloweenhashtag",https://media.licdn.com/dms/image/v2/D5622AQHagBHhd22xEQ/feedshare-shrink_800/feedshare-shrink_800/0/1730210049822?e=1741219200&v=beta&t=ix9GKTSKpOCgehgahz5EqSnXv_kqqLXCtIxFMUBZPHk,./data/linkedin_data/linkedin_images/83_1730210049822.png
"On this special day, we celebrate the independence that unites us and gives us the freedom to pursue our dreams.",It‚Äôs a day to remember the strength in our diversity and the endless possibilities when we work together. Here‚Äôs to continuing the legacy of progress and unity.Wishing everyone a very Happy Independence Day! üáÆüá≥.,"#itobuztechnologies, #independenceday2024hashtag, #ProudToBeIndianhashtag, #independencedayhashtag, #CelebratingFreedomhashtag",https://media.licdn.com/dms/image/v2/D5622AQHMjxjWUlRpJA/feedshare-shrink_800/feedshare-shrink_800/0/1723641789314?e=1741219200&v=beta&t=uMlvW4GPCZRVq1OPYMuqZLgOJDsJqK-a-wdhXTIXhb8,./data/linkedin_data/linkedin_images/85_1723641789314.png
